<?xml version="1.0"?>
<metadata xml:lang="nl"><Esri><CreaDate>20120112</CreaDate><CreaTime>13565500</CreaTime><SyncOnce>TRUE</SyncOnce><MetaID>{D9EE6745-7C0F-4BE7-B5A3-E9C78B6C43C8}</MetaID></Esri><MD_Metadata xmlns:gml="http://www.opengis.net/gml" xmlns:xlink="http://www.w3.org/1999/xlink" xmlns:xsi="http://www.w3.org/2001/XMLSchema-instance" xmlns:gco="http://www.isotc211.org/2005/gco" xsi:schemaLocation="http://www.isotc211.org/2005/gmd http://www.isotc211.org/schemas/2005/gmd/metadataEntity.xsd" xmlns="http://www.isotc211.org/2005/gmd"><distributionInfo><MD_Distribution><transferOptions><MD_DigitalTransferOptions><onLine><CI_OnlineResource><linkage><URL>\\V-PBES-ARCGIS1\D$\Buurtkaart\publicatie jan 2011\2009 versie 3.0\levering\gem_2009_gn3</URL></linkage></CI_OnlineResource></onLine></MD_DigitalTransferOptions></transferOptions></MD_Distribution></distributionInfo></MD_Metadata><distInfo><distributor><distorTran><onLineSrc><linkage Sync="TRUE">file://\\V-PBES-ARCGIS1\D$\Buurtkaart\publicatie jan 2011\2009 versie 3.0\levering\gem_2009_gn3</linkage><protocol Sync="TRUE">Local Area Network</protocol></onLineSrc></distorTran></distributor></distInfo><dataqual><lineage><procstep><procdesc Sync="TRUE">Dataset copied.</procdesc><srcused Sync="TRUE">D:\Buurtkaart\publicatie jan 2011\2009 versie 3.0\gem_2009_gn3</srcused><procdate Sync="TRUE">20120112</procdate><proctime Sync="TRUE">13565500</proctime></procstep></lineage></dataqual></metadata>
